<beans xmlns="http://www.springframework.org/schema/beans"
	xmlns:xsi="http://www.w3.org/2001/XMLSchema-instance" xmlns:context="http://www.springframework.org/schema/context"
	xmlns:mvc="http://www.springframework.org/schema/mvc" xmlns:tx="http://www.springframework.org/schema/tx"
	xsi:schemaLocation="http://www.springframework.org/schema/mvc http://www.springframework.org/schema/mvc/spring-mvc.xsd
		http://www.springframework.org/schema/beans http://www.springframework.org/schema/beans/spring-beans.xsd
		http://www.springframework.org/schema/tx http://www.springframework.org/schema/tx/spring-tx-4.1.xsd
		http://www.springframework.org/schema/context http://www.springframework.org/schema/context/spring-context.xsd">

	<!--<context:annotation-config /> -->


	<context:component-scan base-package="com.inautix" />
	<bean id="dataSource" class="org.springframework.jdbc.datasource.DriverManagerDataSource">
		<property name="driverClassName" value="org.apache.derby.jdbc.ClientDriver" />
		<property name="url"
			value="jdbc:derby://172.24.19.152:1527/Courses;create=true" />
		<property name="username" value="Courses" />
		<property name="password" value="psw" />
	</bean>

	<bean id="topicBean" class="com.inautix.coursetopic.TopicBean" />
	<bean id="metaData" class="com.inautix.model.MetaData" />
	<bean id="data" class="com.inautix.model.Data" />
	<bean id="error" class="com.inautix.model.ErrorDetails" />
	<bean id="response" class="com.inautix.model.Response" />

	<mvc:annotation-driven />
	<mvc:default-servlet-handler />

</beans>